-- MySQL dump 10.13  Distrib 8.0.40, for Win64 (x86_64)
--
-- Host: localhost    Database: okulotomasyon
-- ------------------------------------------------------
-- Server version	8.0.40

/*!40101 SET @OLD_CHARACTER_SET_CLIENT=@@CHARACTER_SET_CLIENT */;
/*!40101 SET @OLD_CHARACTER_SET_RESULTS=@@CHARACTER_SET_RESULTS */;
/*!40101 SET @OLD_COLLATION_CONNECTION=@@COLLATION_CONNECTION */;
/*!50503 SET NAMES utf8mb4 */;
/*!40103 SET @OLD_TIME_ZONE=@@TIME_ZONE */;
/*!40103 SET TIME_ZONE='+00:00' */;
/*!40014 SET @OLD_UNIQUE_CHECKS=@@UNIQUE_CHECKS, UNIQUE_CHECKS=0 */;
/*!40014 SET @OLD_FOREIGN_KEY_CHECKS=@@FOREIGN_KEY_CHECKS, FOREIGN_KEY_CHECKS=0 */;
/*!40101 SET @OLD_SQL_MODE=@@SQL_MODE, SQL_MODE='NO_AUTO_VALUE_ON_ZERO' */;
/*!40111 SET @OLD_SQL_NOTES=@@SQL_NOTES, SQL_NOTES=0 */;

--
-- Table structure for table `account`
--

DROP TABLE IF EXISTS `account`;
/*!40101 SET @saved_cs_client     = @@character_set_client */;
/*!50503 SET character_set_client = utf8mb4 */;
CREATE TABLE `account` (
  `userId` int NOT NULL AUTO_INCREMENT,
  `userName` varchar(45) NOT NULL,
  `userPassword` varchar(45) NOT NULL,
  `userPermission` tinyint DEFAULT '0',
  `userAttachID` int DEFAULT NULL,
  PRIMARY KEY (`userId`)
) ENGINE=InnoDB AUTO_INCREMENT=320 DEFAULT CHARSET=utf8mb4 COLLATE=utf8mb4_0900_ai_ci;
/*!40101 SET character_set_client = @saved_cs_client */;

--
-- Dumping data for table `account`
--

LOCK TABLES `account` WRITE;
/*!40000 ALTER TABLE `account` DISABLE KEYS */;
INSERT INTO `account` VALUES (1,'ogrenci','ogrenci123',0,NULL),(2,'ulwus','ulwus123',2,NULL),(3,'ogretmen','ogretmen123',1,NULL),(4,'22222','123456',0,9),(5,'455535','123456',0,10),(6,'5554104131','123456',1,1),(7,'5554104131','123456',1,2),(8,'455535','123456',0,11),(9,'455535','123456',0,12),(10,'455535','123456',0,13),(11,'455535','123456',0,14),(12,'11111','123456',0,15),(13,'5051','12345',1,3),(14,'5052','123456',1,4),(15,'5053','123456',1,5),(16,'5054','123456',1,6),(17,'5055','123456',1,7),(18,'5055','123456',1,8),(19,'5057','123456',1,9),(20,'5058','123456',1,10),(21,'5059','123456',1,11),(22,'5060','123456',1,12),(23,'5061','123456',1,13),(24,'5062','123456',1,14),(25,'5063','123456',1,15),(26,'5064','123456',1,16),(27,'5065','123456',1,17),(28,'5066','123456',1,18),(29,'5067','123456',1,19),(30,'5068','123456',1,20),(31,'5069','123456',1,21),(32,'5070','123456',1,22),(33,'5952246091','123456',0,16),(34,'5619511783','123456',0,17),(35,'5834535791','123456',0,18),(36,'5540196945','123456',0,19),(37,'5913379917','123456',0,20),(38,'5705536664','123456',0,21),(39,'5881868410','123456',0,22),(40,'5600859169','123456',0,23),(41,'5370373085','123456',0,24),(42,'5761420172','12345',0,25),(43,'5770590905','123456',0,26),(44,'5694737899','123456',0,27),(45,'5446097493','123456',0,28),(46,'5670920648','123456',0,29),(47,'5357516071','123456',0,30),(48,'5395992152','123456',0,31),(49,'5537140685','123456',0,32),(50,'5616667600','123456',0,33),(51,'5997188537','123456',0,34),(52,'5707935700','123456',0,35),(53,'5909669451','123456',0,36),(54,'5677368682','123456',0,37),(55,'5332781428','123456',0,38),(56,'5729333766','123456',0,39),(57,'5954578162','123456',0,40),(58,'5968857943','123456',0,41),(59,'5285182139','123456',0,42),(60,'5968572919','123456',0,43),(61,'5466119782','123456',0,44),(62,'5106636525','123456',0,45),(63,'5314223080','123456',0,46),(64,'5221797389','123456',0,47),(65,'5357765549','123456',0,48),(66,'5890035709','123456',0,49),(67,'5855680101','123456',0,50),(68,'5510049900','123456',0,51),(69,'5286027963','123456',0,52),(70,'5607233508','123456',0,53),(71,'5889616158','123456',0,54),(72,'5831066407','123456',0,55),(73,'5317399172','123456',0,56),(74,'5767891071','123456',0,57),(75,'5352897478','123456',0,58),(76,'5294962917','123456',0,59),(77,'5872570603','123456',0,60),(78,'5605236227','123456',0,61),(79,'5725286715','123456',0,62),(80,'5752443674','123456',0,63),(81,'5973699317','123456',0,64),(82,'5164582212','123456',0,65),(83,'5712075637','123456',0,66),(84,'5551719423','123456',0,67),(85,'5408478875','123456',0,68),(86,'5303642050','123456',0,69),(87,'5131504638','123456',0,70),(88,'5273538071','123456',0,71),(89,'5205877515','123456',0,72),(90,'5989613707','123456',0,73),(91,'5104032299','123456',0,74),(92,'5860737120','123456',0,75),(93,'5798374385','123456',0,76),(94,'5206643096','123456',0,77),(95,'5342319827','123456',0,78),(96,'5318964213','123456',0,79),(97,'5695899993','123456',0,80),(98,'5456603931','123456',0,81),(99,'5797610991','123456',0,82),(100,'5175241969','123456',0,83),(101,'5527280313','123456',0,84),(102,'5869630592','123456',0,85),(103,'5688543515','123456',0,86),(104,'5536605210','123456',0,87),(105,'5848597226','123456',0,88),(106,'5812958871','123456',0,89),(107,'5809776013','123456',0,90),(108,'5291717514','123456',0,91),(109,'5912789229','123456',0,92),(110,'5798537042','123456',0,93),(111,'5192880301','123456',0,94),(112,'5185045371','123456',0,95),(113,'5488341614','123456',0,96),(114,'5417963518','123456',0,97),(115,'5495605191','123456',0,98),(116,'5915294579','123456',0,99),(117,'5363371946','123456',0,100),(118,'5708779057','123456',0,101),(119,'5313907617','123456',0,102),(120,'5257962997','123456',0,103),(121,'5594686647','123456',0,104),(122,'5226591970','123456',0,105),(123,'5926231597','123456',0,106),(124,'5380327972','123456',0,107),(125,'5438633947','123456',0,108),(126,'5712095907','123456',0,109),(127,'5696637776','123456',0,110),(128,'5245567636','123456',0,111),(129,'5223438252','123456',0,112),(130,'5520501767','123456',0,113),(131,'5117883627','123456',0,114),(132,'5543868968','123456',0,115),(133,'5355464724','123456',0,116),(134,'5798820188','123456',0,117),(135,'5579286971','123456',0,118),(136,'5515361941','123456',0,119),(137,'5586833128','123456',0,120),(138,'5344336495','123456',0,121),(139,'5558207695','123456',0,122),(140,'5964887324','123456',0,123),(141,'5341709345','123456',0,124),(142,'5784799775','123456',0,125),(143,'5833419020','123456',0,126),(144,'5758220650','123456',0,127),(145,'5205934757','123456',0,128),(146,'5819269979','123456',0,129),(147,'5861007222','123456',0,130),(148,'5404177217','123456',0,131),(149,'5434508902','123456',0,132),(150,'5348457754','123456',0,133),(151,'5956075928','123456',0,134),(152,'5132296939','123456',0,135),(153,'5377183051','123456',0,136),(154,'5359330334','123456',0,137),(155,'5144012876','123456',0,138),(156,'5354056147','123456',0,139),(157,'5755080602','123456',0,140),(158,'5334725239','123456',0,141),(159,'5512769378','123456',0,142),(160,'5419931642','123456',0,143),(161,'5577483141','123456',0,144),(162,'5678006668','123456',0,145),(163,'5845265862','123456',0,146),(164,'5790459951','123456',0,147),(165,'5860194463','123456',0,148),(166,'5948914931','123456',0,149),(167,'5132544969','123456',0,150),(168,'5871547057','123456',0,151),(169,'5912497385','123456',0,152),(170,'5150760878','123456',0,153),(171,'5818096547','123456',0,154),(172,'5336164686','123456',0,155),(173,'5608869792','123456',0,156),(174,'5823804392','123456',0,157),(175,'5496748833','123456',0,158),(176,'5314849359','123456',0,159),(177,'5604291634','123456',0,160),(178,'5809682682','123456',0,161),(179,'5617856233','123456',0,162),(180,'5657135863','123456',0,163),(181,'5967149722','123456',0,164),(182,'5180247916','123456',0,165),(183,'5501288617','123456',0,166),(184,'5576987587','123456',0,167),(185,'5323986455','123456',0,168),(186,'5994250020','123456',0,169),(187,'5124658055','123456',0,170),(188,'5571910374','123456',0,171),(189,'5567672407','123456',0,172),(190,'5426590606','123456',0,173),(191,'5110957880','123456',0,174),(192,'5754314854','123456',0,175),(193,'5793929931','123456',0,176),(194,'5983970278','123456',0,177),(195,'5900620903','123456',0,178),(196,'5326077580','123456',0,179),(197,'5635840452','123456',0,180),(198,'5233109142','123456',0,181),(199,'5583080871','123456',0,182),(200,'5494798866','123456',0,183),(201,'5527806910','123456',0,184),(202,'5754433517','123456',0,185),(203,'5964020409','123456',0,186),(204,'5291636721','123456',0,187),(205,'5455911222','123456',0,188),(206,'5409605348','123456',0,189),(207,'5796414852','123456',0,190),(208,'5746513350','123456',0,191),(209,'5587451803','123456',0,192),(210,'5461070473','123456',0,193),(211,'5201015992','123456',0,194),(212,'5827267046','123456',0,195),(213,'5296176324','123456',0,196),(214,'5257431105','123456',0,197),(215,'5245412228','123456',0,198),(216,'5818881795','123456',0,199),(217,'5218512457','123456',0,200),(218,'5415381622','123456',0,201),(219,'5816347982','123456',0,202),(220,'5631250736','123456',0,203),(221,'5699650524','123456',0,204),(222,'5900594229','123456',0,205),(223,'5425901518','123456',0,206),(224,'5537997545','123456',0,207),(225,'5450374741','123456',0,208),(226,'5778051155','123456',0,209),(227,'5289598991','123456',0,210),(228,'5696060584','123456',0,211),(229,'5382958797','123456',0,212),(230,'5428515595','123456',0,213),(231,'5283163706','123456',0,214),(232,'5469164885','123456',0,215),(233,'5694174346','123456',0,216),(234,'5609358829','123456',0,217),(235,'5338185888','123456',0,218),(236,'5905214813','123456',0,219),(237,'5755850249','123456',0,220),(238,'5324239448','123456',0,221),(239,'5908866476','123456',0,222),(240,'5796254322','123456',0,223),(241,'5266426553','123456',0,224),(242,'5573661662','123456',0,225),(243,'5132111251','123456',0,226),(244,'5778803715','123456',0,227),(245,'5379433838','123456',0,228),(246,'5539387633','123456',0,229),(247,'5846808454','123456',0,230),(248,'5933020675','123456',0,231),(249,'5825997160','123456',0,232),(250,'5406065959','123456',0,233),(251,'5142801031','123456',0,234),(252,'5893419539','123456',0,235),(253,'5838601671','123456',0,236),(254,'5363518709','123456',0,237),(255,'5849266467','123456',0,238),(256,'5740018214','123456',0,239),(257,'5940486936','123456',0,240),(258,'5956978073','123456',0,241),(259,'5868035753','123456',0,242),(260,'5418028228','123456',0,243),(261,'5409227453','123456',0,244),(262,'5814997831','123456',0,245),(263,'5149580709','123456',0,246),(264,'5505921550','123456',0,247),(265,'5133977671','123456',0,248),(266,'5805648093','123456',0,249),(267,'5173234127','123456',0,250),(268,'5826466719','123456',0,251),(269,'5170277074','123456',0,252),(270,'5184233607','123456',0,253),(271,'5114640570','123456',0,254),(272,'5102916162','123456',0,255),(273,'5733144639','123456',0,256),(274,'5110154550','123456',0,257),(275,'5778492688','123456',0,258),(276,'5912089361','123456',0,259),(277,'5598073132','123456',0,260),(278,'5259112184','123456',0,261),(279,'5530764022','123456',0,262),(280,'5535862599','123456',0,263),(281,'5457240417','123456',0,264),(282,'5904009388','123456',0,265),(283,'5815471508','123456',0,266),(284,'5659506060','123456',0,267),(285,'5646883082','123456',0,268),(286,'5940278617','123456',0,269),(287,'5930492641','123456',0,270),(288,'5343344791','123456',0,271),(289,'5237069432','123456',0,272),(290,'5444422857','123456',0,273),(291,'5583990748','123456',0,274),(292,'5721182347','123456',0,275),(293,'5994077397','123456',0,276),(294,'5173388524','123456',0,277),(295,'5341308540','123456',0,278),(296,'5143916792','123456',0,279),(297,'5282193365','123456',0,280),(298,'5183913535','123456',0,281),(299,'5196486241','123456',0,282),(300,'5428877641','123456',0,283),(301,'5819196790','123456',0,284),(302,'5771186602','123456',0,285),(303,'5155875553','123456',0,286),(304,'5391385252','123456',0,287),(305,'5397689623','123456',0,288),(306,'5118659747','123456',0,289),(307,'5499177727','123456',0,290),(308,'5579059672','123456',0,291),(309,'5612272452','123456',0,292),(310,'5146637062','123456',0,293),(311,'5912337308','123456',0,294),(312,'5194294498','123456',0,295),(313,'5071','123456',1,23),(314,'5072','123456',1,24),(315,'5073','123456',1,25),(316,'5074','123456',1,26),(317,'5075','123456',1,27),(318,'5076','123456',1,28),(319,'5077','123456',1,29);
/*!40000 ALTER TABLE `account` ENABLE KEYS */;
UNLOCK TABLES;

--
-- Table structure for table `ders`
--

DROP TABLE IF EXISTS `ders`;
/*!40101 SET @saved_cs_client     = @@character_set_client */;
/*!50503 SET character_set_client = utf8mb4 */;
CREATE TABLE `ders` (
  `dersID` int NOT NULL AUTO_INCREMENT,
  `dersIsmi` varchar(100) NOT NULL,
  `dersAciklama` text,
  `dersSaat` int DEFAULT NULL,
  PRIMARY KEY (`dersID`)
) ENGINE=InnoDB AUTO_INCREMENT=9 DEFAULT CHARSET=utf8mb4 COLLATE=utf8mb4_0900_ai_ci;
/*!40101 SET character_set_client = @saved_cs_client */;

--
-- Dumping data for table `ders`
--

LOCK TABLES `ders` WRITE;
/*!40000 ALTER TABLE `ders` DISABLE KEYS */;
INSERT INTO `ders` VALUES (1,'Fen Bilimleri','0',6),(2,'Matematik','0',7),(3,'İngilizce','0',4),(4,'Türkçe','0',7),(5,'Din','0',2),(6,'Beden','0',2),(7,'Sosyal Bilgiler','0',2);
/*!40000 ALTER TABLE `ders` ENABLE KEYS */;
UNLOCK TABLES;

--
-- Table structure for table `ders_programi`
--

DROP TABLE IF EXISTS `ders_programi`;
/*!40101 SET @saved_cs_client     = @@character_set_client */;
/*!50503 SET character_set_client = utf8mb4 */;
CREATE TABLE `ders_programi` (
  `programID` int NOT NULL AUTO_INCREMENT,
  `dersID` int NOT NULL,
  `ogretmenID` int NOT NULL,
  `sinifID` int NOT NULL,
  `gun` enum('Pazartesi','Salı','Çarşamba','Perşembe','Cuma','Cumartesi','Pazar') NOT NULL,
  `baslangicSaati` time NOT NULL,
  `bitisSaati` time NOT NULL,
  PRIMARY KEY (`programID`),
  KEY `dersID` (`dersID`),
  KEY `ogretmenID` (`ogretmenID`),
  CONSTRAINT `ders_programi_ibfk_1` FOREIGN KEY (`dersID`) REFERENCES `ders` (`dersID`),
  CONSTRAINT `ders_programi_ibfk_2` FOREIGN KEY (`ogretmenID`) REFERENCES `ogretmen` (`ogretmenID`)
) ENGINE=InnoDB AUTO_INCREMENT=1597 DEFAULT CHARSET=utf8mb4 COLLATE=utf8mb4_0900_ai_ci;
/*!40101 SET character_set_client = @saved_cs_client */;

--
-- Dumping data for table `ders_programi`
--

LOCK TABLES `ders_programi` WRITE;
/*!40000 ALTER TABLE `ders_programi` DISABLE KEYS */;
INSERT INTO `ders_programi` VALUES (1207,2,6,1,'Pazartesi','09:00:00','09:45:00'),(1208,4,12,1,'Pazartesi','10:00:00','10:45:00'),(1209,2,7,1,'Pazartesi','11:00:00','11:45:00'),(1210,4,13,1,'Pazartesi','13:00:00','13:45:00'),(1211,1,3,1,'Pazartesi','14:00:00','14:45:00'),(1212,2,8,1,'Pazartesi','15:00:00','15:45:00'),(1213,4,12,1,'Salı','09:00:00','09:45:00'),(1214,1,3,1,'Salı','10:00:00','10:45:00'),(1215,2,6,1,'Salı','11:00:00','11:45:00'),(1216,4,13,1,'Salı','13:00:00','13:45:00'),(1217,1,4,1,'Salı','14:00:00','14:45:00'),(1218,3,9,1,'Salı','15:00:00','15:45:00'),(1219,2,6,1,'Çarşamba','09:00:00','09:45:00'),(1220,4,12,1,'Çarşamba','10:00:00','10:45:00'),(1221,1,3,1,'Çarşamba','11:00:00','11:45:00'),(1222,3,9,1,'Çarşamba','13:00:00','13:45:00'),(1223,2,7,1,'Çarşamba','14:00:00','14:45:00'),(1224,4,13,1,'Çarşamba','15:00:00','15:45:00'),(1225,1,3,1,'Perşembe','09:00:00','09:45:00'),(1226,3,9,1,'Perşembe','10:00:00','10:45:00'),(1227,5,1,1,'Perşembe','11:00:00','11:45:00'),(1228,6,17,1,'Perşembe','13:00:00','13:45:00'),(1229,7,20,1,'Perşembe','14:00:00','14:45:00'),(1230,2,6,1,'Perşembe','15:00:00','15:45:00'),(1231,4,12,1,'Cuma','09:00:00','09:45:00'),(1232,1,3,1,'Cuma','10:00:00','10:45:00'),(1233,3,9,1,'Cuma','11:00:00','11:45:00'),(1234,5,1,1,'Cuma','13:00:00','13:45:00'),(1235,6,17,1,'Cuma','14:00:00','14:45:00'),(1236,7,20,1,'Cuma','15:00:00','15:45:00'),(1237,2,24,2,'Pazartesi','09:00:00','09:45:00'),(1238,4,14,2,'Pazartesi','10:00:00','10:45:00'),(1239,2,6,2,'Pazartesi','11:00:00','11:45:00'),(1240,4,26,2,'Pazartesi','13:00:00','13:45:00'),(1241,1,4,2,'Pazartesi','14:00:00','14:45:00'),(1242,2,7,2,'Pazartesi','15:00:00','15:45:00'),(1243,4,14,2,'Salı','09:00:00','09:45:00'),(1244,1,5,2,'Salı','10:00:00','10:45:00'),(1245,2,7,2,'Salı','11:00:00','11:45:00'),(1246,4,26,2,'Salı','13:00:00','13:45:00'),(1247,1,23,2,'Salı','14:00:00','14:45:00'),(1248,3,10,2,'Salı','15:00:00','15:45:00'),(1249,2,8,2,'Çarşamba','09:00:00','09:45:00'),(1250,4,14,2,'Çarşamba','10:00:00','10:45:00'),(1251,1,4,2,'Çarşamba','11:00:00','11:45:00'),(1252,3,10,2,'Çarşamba','13:00:00','13:45:00'),(1253,2,24,2,'Çarşamba','14:00:00','14:45:00'),(1254,4,26,2,'Çarşamba','15:00:00','15:45:00'),(1255,1,4,2,'Perşembe','09:00:00','09:45:00'),(1256,3,10,2,'Perşembe','10:00:00','10:45:00'),(1257,5,15,2,'Perşembe','11:00:00','11:45:00'),(1258,6,18,2,'Perşembe','13:00:00','13:45:00'),(1259,7,21,2,'Perşembe','14:00:00','14:45:00'),(1260,2,7,2,'Perşembe','15:00:00','15:45:00'),(1261,4,13,2,'Cuma','09:00:00','09:45:00'),(1262,1,4,2,'Cuma','10:00:00','10:45:00'),(1263,3,10,2,'Cuma','11:00:00','11:45:00'),(1264,5,15,2,'Cuma','13:00:00','13:45:00'),(1265,6,18,2,'Cuma','14:00:00','14:45:00'),(1266,7,21,2,'Cuma','15:00:00','15:45:00'),(1267,2,8,4,'Pazartesi','09:00:00','09:45:00'),(1268,4,13,4,'Pazartesi','10:00:00','10:45:00'),(1269,2,24,4,'Pazartesi','11:00:00','11:45:00'),(1270,4,12,4,'Pazartesi','13:00:00','13:45:00'),(1271,1,5,4,'Pazartesi','14:00:00','14:45:00'),(1272,2,6,4,'Pazartesi','15:00:00','15:45:00'),(1273,4,13,4,'Salı','09:00:00','09:45:00'),(1274,1,4,4,'Salı','10:00:00','10:45:00'),(1275,2,8,4,'Salı','11:00:00','11:45:00'),(1276,4,12,4,'Salı','13:00:00','13:45:00'),(1277,1,3,4,'Salı','14:00:00','14:45:00'),(1278,3,11,4,'Salı','15:00:00','15:45:00'),(1279,2,7,4,'Çarşamba','09:00:00','09:45:00'),(1280,4,13,4,'Çarşamba','10:00:00','10:45:00'),(1281,1,5,4,'Çarşamba','11:00:00','11:45:00'),(1282,3,11,4,'Çarşamba','13:00:00','13:45:00'),(1283,2,6,4,'Çarşamba','14:00:00','14:45:00'),(1284,4,12,4,'Çarşamba','15:00:00','15:45:00'),(1285,1,5,4,'Perşembe','09:00:00','09:45:00'),(1286,3,11,4,'Perşembe','10:00:00','10:45:00'),(1287,5,16,4,'Perşembe','11:00:00','11:45:00'),(1288,6,19,4,'Perşembe','13:00:00','13:45:00'),(1289,7,22,4,'Perşembe','14:00:00','14:45:00'),(1290,2,8,4,'Perşembe','15:00:00','15:45:00'),(1291,4,14,4,'Cuma','09:00:00','09:45:00'),(1292,1,5,4,'Cuma','10:00:00','10:45:00'),(1293,3,11,4,'Cuma','11:00:00','11:45:00'),(1294,5,16,4,'Cuma','13:00:00','13:45:00'),(1295,6,19,4,'Cuma','14:00:00','14:45:00'),(1296,7,22,4,'Cuma','15:00:00','15:45:00'),(1297,2,7,5,'Pazartesi','09:00:00','09:45:00'),(1298,4,26,5,'Pazartesi','10:00:00','10:45:00'),(1299,2,8,5,'Pazartesi','11:00:00','11:45:00'),(1300,4,14,5,'Pazartesi','13:00:00','13:45:00'),(1301,1,23,5,'Pazartesi','14:00:00','14:45:00'),(1302,2,24,5,'Pazartesi','15:00:00','15:45:00'),(1303,4,26,5,'Salı','09:00:00','09:45:00'),(1304,1,23,5,'Salı','10:00:00','10:45:00'),(1305,2,24,5,'Salı','11:00:00','11:45:00'),(1306,4,14,5,'Salı','13:00:00','13:45:00'),(1307,1,5,5,'Salı','14:00:00','14:45:00'),(1308,3,25,5,'Salı','15:00:00','15:45:00'),(1309,2,24,5,'Çarşamba','09:00:00','09:45:00'),(1310,4,26,5,'Çarşamba','10:00:00','10:45:00'),(1311,1,23,5,'Çarşamba','11:00:00','11:45:00'),(1312,3,25,5,'Çarşamba','13:00:00','13:45:00'),(1313,2,8,5,'Çarşamba','14:00:00','14:45:00'),(1314,4,14,5,'Çarşamba','15:00:00','15:45:00'),(1315,1,23,5,'Perşembe','09:00:00','09:45:00'),(1316,3,25,5,'Perşembe','10:00:00','10:45:00'),(1317,5,27,5,'Perşembe','11:00:00','11:45:00'),(1318,6,28,5,'Perşembe','13:00:00','13:45:00'),(1319,7,29,5,'Perşembe','14:00:00','14:45:00'),(1320,2,24,5,'Perşembe','15:00:00','15:45:00'),(1321,4,26,5,'Cuma','09:00:00','09:45:00'),(1322,1,23,5,'Cuma','10:00:00','10:45:00'),(1323,3,25,5,'Cuma','11:00:00','11:45:00'),(1324,5,27,5,'Cuma','13:00:00','13:45:00'),(1325,6,28,5,'Cuma','14:00:00','14:45:00'),(1326,7,29,5,'Cuma','15:00:00','15:45:00'),(1327,4,12,6,'Pazartesi','09:00:00','09:45:00'),(1328,2,6,6,'Pazartesi','10:00:00','10:45:00'),(1329,4,13,6,'Pazartesi','11:00:00','11:45:00'),(1330,2,7,6,'Pazartesi','13:00:00','13:45:00'),(1331,2,8,6,'Pazartesi','14:00:00','14:45:00'),(1332,1,3,6,'Pazartesi','15:00:00','15:45:00'),(1333,1,3,6,'Salı','09:00:00','09:45:00'),(1334,4,12,6,'Salı','10:00:00','10:45:00'),(1335,4,13,6,'Salı','11:00:00','11:45:00'),(1336,2,6,6,'Salı','13:00:00','13:45:00'),(1337,3,9,6,'Salı','14:00:00','14:45:00'),(1338,1,4,6,'Salı','15:00:00','15:45:00'),(1339,4,12,6,'Çarşamba','09:00:00','09:45:00'),(1340,2,6,6,'Çarşamba','10:00:00','10:45:00'),(1341,3,9,6,'Çarşamba','11:00:00','11:45:00'),(1342,1,3,6,'Çarşamba','13:00:00','13:45:00'),(1343,4,13,6,'Çarşamba','14:00:00','14:45:00'),(1344,2,7,6,'Çarşamba','15:00:00','15:45:00'),(1345,3,9,6,'Perşembe','09:00:00','09:45:00'),(1346,1,3,6,'Perşembe','10:00:00','10:45:00'),(1347,6,17,6,'Perşembe','11:00:00','11:45:00'),(1348,5,1,6,'Perşembe','13:00:00','13:45:00'),(1349,2,6,6,'Perşembe','14:00:00','14:45:00'),(1350,7,20,6,'Perşembe','15:00:00','15:45:00'),(1351,1,3,6,'Cuma','09:00:00','09:45:00'),(1352,4,12,6,'Cuma','10:00:00','10:45:00'),(1353,5,1,6,'Cuma','11:00:00','11:45:00'),(1354,3,9,6,'Cuma','13:00:00','13:45:00'),(1355,7,20,6,'Cuma','14:00:00','14:45:00'),(1356,6,17,6,'Cuma','15:00:00','15:45:00'),(1357,4,14,7,'Pazartesi','09:00:00','09:45:00'),(1358,2,24,7,'Pazartesi','10:00:00','10:45:00'),(1359,4,26,7,'Pazartesi','11:00:00','11:45:00'),(1360,2,6,7,'Pazartesi','13:00:00','13:45:00'),(1361,2,7,7,'Pazartesi','14:00:00','14:45:00'),(1362,1,4,7,'Pazartesi','15:00:00','15:45:00'),(1363,1,5,7,'Salı','09:00:00','09:45:00'),(1364,4,14,7,'Salı','10:00:00','10:45:00'),(1365,4,26,7,'Salı','11:00:00','11:45:00'),(1366,2,7,7,'Salı','13:00:00','13:45:00'),(1367,3,10,7,'Salı','14:00:00','14:45:00'),(1368,1,23,7,'Salı','15:00:00','15:45:00'),(1369,4,14,7,'Çarşamba','09:00:00','09:45:00'),(1370,2,8,7,'Çarşamba','10:00:00','10:45:00'),(1371,3,10,7,'Çarşamba','11:00:00','11:45:00'),(1372,1,4,7,'Çarşamba','13:00:00','13:45:00'),(1373,4,26,7,'Çarşamba','14:00:00','14:45:00'),(1374,2,24,7,'Çarşamba','15:00:00','15:45:00'),(1375,3,10,7,'Perşembe','09:00:00','09:45:00'),(1376,1,4,7,'Perşembe','10:00:00','10:45:00'),(1377,6,18,7,'Perşembe','11:00:00','11:45:00'),(1378,5,15,7,'Perşembe','13:00:00','13:45:00'),(1379,2,7,7,'Perşembe','14:00:00','14:45:00'),(1380,7,21,7,'Perşembe','15:00:00','15:45:00'),(1381,1,4,7,'Cuma','09:00:00','09:45:00'),(1382,4,13,7,'Cuma','10:00:00','10:45:00'),(1383,5,15,7,'Cuma','11:00:00','11:45:00'),(1384,3,10,7,'Cuma','13:00:00','13:45:00'),(1385,7,21,7,'Cuma','14:00:00','14:45:00'),(1386,6,18,7,'Cuma','15:00:00','15:45:00'),(1387,4,13,8,'Pazartesi','09:00:00','09:45:00'),(1388,2,8,8,'Pazartesi','10:00:00','10:45:00'),(1389,4,12,8,'Pazartesi','11:00:00','11:45:00'),(1390,2,24,8,'Pazartesi','13:00:00','13:45:00'),(1391,2,6,8,'Pazartesi','14:00:00','14:45:00'),(1392,1,5,8,'Pazartesi','15:00:00','15:45:00'),(1393,1,4,8,'Salı','09:00:00','09:45:00'),(1394,4,13,8,'Salı','10:00:00','10:45:00'),(1395,4,12,8,'Salı','11:00:00','11:45:00'),(1396,2,8,8,'Salı','13:00:00','13:45:00'),(1397,3,11,8,'Salı','14:00:00','14:45:00'),(1398,1,3,8,'Salı','15:00:00','15:45:00'),(1399,4,13,8,'Çarşamba','09:00:00','09:45:00'),(1400,2,7,8,'Çarşamba','10:00:00','10:45:00'),(1401,3,11,8,'Çarşamba','11:00:00','11:45:00'),(1402,1,5,8,'Çarşamba','13:00:00','13:45:00'),(1403,4,12,8,'Çarşamba','14:00:00','14:45:00'),(1404,2,6,8,'Çarşamba','15:00:00','15:45:00'),(1405,3,11,8,'Perşembe','09:00:00','09:45:00'),(1406,1,5,8,'Perşembe','10:00:00','10:45:00'),(1407,6,19,8,'Perşembe','11:00:00','11:45:00'),(1408,5,16,8,'Perşembe','13:00:00','13:45:00'),(1409,2,8,8,'Perşembe','14:00:00','14:45:00'),(1410,7,22,8,'Perşembe','15:00:00','15:45:00'),(1411,1,5,8,'Cuma','09:00:00','09:45:00'),(1412,4,14,8,'Cuma','10:00:00','10:45:00'),(1413,5,16,8,'Cuma','11:00:00','11:45:00'),(1414,3,11,8,'Cuma','13:00:00','13:45:00'),(1415,7,22,8,'Cuma','14:00:00','14:45:00'),(1416,6,19,8,'Cuma','15:00:00','15:45:00'),(1417,4,26,9,'Pazartesi','09:00:00','09:45:00'),(1418,2,7,9,'Pazartesi','10:00:00','10:45:00'),(1419,4,14,9,'Pazartesi','11:00:00','11:45:00'),(1420,2,8,9,'Pazartesi','13:00:00','13:45:00'),(1421,2,24,9,'Pazartesi','14:00:00','14:45:00'),(1422,1,23,9,'Pazartesi','15:00:00','15:45:00'),(1423,1,23,9,'Salı','09:00:00','09:45:00'),(1424,4,26,9,'Salı','10:00:00','10:45:00'),(1425,4,14,9,'Salı','11:00:00','11:45:00'),(1426,2,24,9,'Salı','13:00:00','13:45:00'),(1427,3,25,9,'Salı','14:00:00','14:45:00'),(1428,1,5,9,'Salı','15:00:00','15:45:00'),(1429,4,26,9,'Çarşamba','09:00:00','09:45:00'),(1430,2,24,9,'Çarşamba','10:00:00','10:45:00'),(1431,3,25,9,'Çarşamba','11:00:00','11:45:00'),(1432,1,23,9,'Çarşamba','13:00:00','13:45:00'),(1433,4,14,9,'Çarşamba','14:00:00','14:45:00'),(1434,2,8,9,'Çarşamba','15:00:00','15:45:00'),(1435,3,25,9,'Perşembe','09:00:00','09:45:00'),(1436,1,23,9,'Perşembe','10:00:00','10:45:00'),(1437,6,28,9,'Perşembe','11:00:00','11:45:00'),(1438,5,27,9,'Perşembe','13:00:00','13:45:00'),(1439,2,24,9,'Perşembe','14:00:00','14:45:00'),(1440,7,29,9,'Perşembe','15:00:00','15:45:00'),(1441,1,23,9,'Cuma','09:00:00','09:45:00'),(1442,4,26,9,'Cuma','10:00:00','10:45:00'),(1443,5,27,9,'Cuma','11:00:00','11:45:00'),(1444,3,25,9,'Cuma','13:00:00','13:45:00'),(1445,7,29,9,'Cuma','14:00:00','14:45:00'),(1446,6,28,9,'Cuma','15:00:00','15:45:00'),(1447,1,3,10,'Pazartesi','09:00:00','09:45:00'),(1448,1,4,10,'Pazartesi','10:00:00','10:45:00'),(1449,1,5,10,'Pazartesi','11:00:00','11:45:00'),(1450,3,9,10,'Pazartesi','13:00:00','13:45:00'),(1451,4,12,10,'Pazartesi','14:00:00','14:45:00'),(1452,4,13,10,'Pazartesi','15:00:00','15:45:00'),(1453,2,6,10,'Salı','09:00:00','09:45:00'),(1454,2,7,10,'Salı','10:00:00','10:45:00'),(1455,1,3,10,'Salı','11:00:00','11:45:00'),(1456,3,9,10,'Salı','13:00:00','13:45:00'),(1457,2,8,10,'Salı','14:00:00','14:45:00'),(1458,4,12,10,'Salı','15:00:00','15:45:00'),(1459,1,3,10,'Çarşamba','09:00:00','09:45:00'),(1460,3,9,10,'Çarşamba','10:00:00','10:45:00'),(1461,2,6,10,'Çarşamba','11:00:00','11:45:00'),(1462,4,12,10,'Çarşamba','13:00:00','13:45:00'),(1463,5,1,10,'Çarşamba','14:00:00','14:45:00'),(1464,6,17,10,'Çarşamba','15:00:00','15:45:00'),(1465,2,6,10,'Perşembe','09:00:00','09:45:00'),(1466,4,12,10,'Perşembe','10:00:00','10:45:00'),(1467,2,7,10,'Perşembe','11:00:00','11:45:00'),(1468,4,13,10,'Perşembe','13:00:00','13:45:00'),(1469,4,14,10,'Perşembe','14:00:00','14:45:00'),(1470,1,3,10,'Perşembe','15:00:00','15:45:00'),(1471,7,20,10,'Cuma','09:00:00','09:45:00'),(1472,2,6,10,'Cuma','10:00:00','10:45:00'),(1473,6,17,10,'Cuma','11:00:00','11:45:00'),(1474,7,21,10,'Cuma','13:00:00','13:45:00'),(1475,3,9,10,'Cuma','14:00:00','14:45:00'),(1476,5,1,10,'Cuma','15:00:00','15:45:00'),(1477,1,23,11,'Pazartesi','09:00:00','09:45:00'),(1478,1,3,11,'Pazartesi','10:00:00','10:45:00'),(1479,1,4,11,'Pazartesi','11:00:00','11:45:00'),(1480,3,10,11,'Pazartesi','13:00:00','13:45:00'),(1481,4,14,11,'Pazartesi','14:00:00','14:45:00'),(1482,4,26,11,'Pazartesi','15:00:00','15:45:00'),(1483,2,24,11,'Salı','09:00:00','09:45:00'),(1484,2,6,11,'Salı','10:00:00','10:45:00'),(1485,1,4,11,'Salı','11:00:00','11:45:00'),(1486,3,10,11,'Salı','13:00:00','13:45:00'),(1487,2,7,11,'Salı','14:00:00','14:45:00'),(1488,4,13,11,'Salı','15:00:00','15:45:00'),(1489,1,4,11,'Çarşamba','09:00:00','09:45:00'),(1490,3,10,11,'Çarşamba','10:00:00','10:45:00'),(1491,2,7,11,'Çarşamba','11:00:00','11:45:00'),(1492,4,13,11,'Çarşamba','13:00:00','13:45:00'),(1493,5,15,11,'Çarşamba','14:00:00','14:45:00'),(1494,6,18,11,'Çarşamba','15:00:00','15:45:00'),(1495,2,8,11,'Perşembe','09:00:00','09:45:00'),(1496,4,26,11,'Perşembe','10:00:00','10:45:00'),(1497,2,24,11,'Perşembe','11:00:00','11:45:00'),(1498,4,12,11,'Perşembe','13:00:00','13:45:00'),(1499,4,13,11,'Perşembe','14:00:00','14:45:00'),(1500,1,4,11,'Perşembe','15:00:00','15:45:00'),(1501,7,22,11,'Cuma','09:00:00','09:45:00'),(1502,2,7,11,'Cuma','10:00:00','10:45:00'),(1503,6,18,11,'Cuma','11:00:00','11:45:00'),(1504,7,29,11,'Cuma','13:00:00','13:45:00'),(1505,3,10,11,'Cuma','14:00:00','14:45:00'),(1506,5,15,11,'Cuma','15:00:00','15:45:00'),(1507,1,5,12,'Pazartesi','09:00:00','09:45:00'),(1508,1,23,12,'Pazartesi','10:00:00','10:45:00'),(1509,1,3,12,'Pazartesi','11:00:00','11:45:00'),(1510,3,11,12,'Pazartesi','13:00:00','13:45:00'),(1511,4,13,12,'Pazartesi','14:00:00','14:45:00'),(1512,4,12,12,'Pazartesi','15:00:00','15:45:00'),(1513,2,8,12,'Salı','09:00:00','09:45:00'),(1514,2,24,12,'Salı','10:00:00','10:45:00'),(1515,1,5,12,'Salı','11:00:00','11:45:00'),(1516,3,11,12,'Salı','13:00:00','13:45:00'),(1517,2,6,12,'Salı','14:00:00','14:45:00'),(1518,4,14,12,'Salı','15:00:00','15:45:00'),(1519,1,5,12,'Çarşamba','09:00:00','09:45:00'),(1520,3,11,12,'Çarşamba','10:00:00','10:45:00'),(1521,2,8,12,'Çarşamba','11:00:00','11:45:00'),(1522,4,14,12,'Çarşamba','13:00:00','13:45:00'),(1523,5,16,12,'Çarşamba','14:00:00','14:45:00'),(1524,6,19,12,'Çarşamba','15:00:00','15:45:00'),(1525,2,7,12,'Perşembe','09:00:00','09:45:00'),(1526,4,14,12,'Perşembe','10:00:00','10:45:00'),(1527,2,6,12,'Perşembe','11:00:00','11:45:00'),(1528,4,26,12,'Perşembe','13:00:00','13:45:00'),(1529,4,12,12,'Perşembe','14:00:00','14:45:00'),(1530,1,5,12,'Perşembe','15:00:00','15:45:00'),(1531,7,21,12,'Cuma','09:00:00','09:45:00'),(1532,2,8,12,'Cuma','10:00:00','10:45:00'),(1533,6,19,12,'Cuma','11:00:00','11:45:00'),(1534,7,20,12,'Cuma','13:00:00','13:45:00'),(1535,3,11,12,'Cuma','14:00:00','14:45:00'),(1536,5,16,12,'Cuma','15:00:00','15:45:00'),(1537,1,4,13,'Pazartesi','09:00:00','09:45:00'),(1538,1,5,13,'Pazartesi','10:00:00','10:45:00'),(1539,1,23,13,'Pazartesi','11:00:00','11:45:00'),(1540,3,25,13,'Pazartesi','13:00:00','13:45:00'),(1541,4,26,13,'Pazartesi','14:00:00','14:45:00'),(1542,4,14,13,'Pazartesi','15:00:00','15:45:00'),(1543,2,7,13,'Salı','09:00:00','09:45:00'),(1544,2,8,13,'Salı','10:00:00','10:45:00'),(1545,1,23,13,'Salı','11:00:00','11:45:00'),(1546,3,25,13,'Salı','13:00:00','13:45:00'),(1547,2,24,13,'Salı','14:00:00','14:45:00'),(1548,4,26,13,'Salı','15:00:00','15:45:00'),(1549,1,23,13,'Çarşamba','09:00:00','09:45:00'),(1550,3,25,13,'Çarşamba','10:00:00','10:45:00'),(1551,2,24,13,'Çarşamba','11:00:00','11:45:00'),(1552,4,26,13,'Çarşamba','13:00:00','13:45:00'),(1553,5,27,13,'Çarşamba','14:00:00','14:45:00'),(1554,6,28,13,'Çarşamba','15:00:00','15:45:00'),(1555,2,24,13,'Perşembe','09:00:00','09:45:00'),(1556,4,13,13,'Perşembe','10:00:00','10:45:00'),(1557,2,8,13,'Perşembe','11:00:00','11:45:00'),(1558,4,14,13,'Perşembe','13:00:00','13:45:00'),(1559,4,26,13,'Perşembe','14:00:00','14:45:00'),(1560,1,23,13,'Perşembe','15:00:00','15:45:00'),(1561,7,29,13,'Cuma','09:00:00','09:45:00'),(1562,2,24,13,'Cuma','10:00:00','10:45:00'),(1563,6,28,13,'Cuma','11:00:00','11:45:00'),(1564,7,22,13,'Cuma','13:00:00','13:45:00'),(1565,3,25,13,'Cuma','14:00:00','14:45:00'),(1566,5,27,13,'Cuma','15:00:00','15:45:00'),(1567,3,9,14,'Pazartesi','09:00:00','09:45:00'),(1568,3,10,14,'Pazartesi','10:00:00','10:45:00'),(1569,3,11,14,'Pazartesi','11:00:00','11:45:00'),(1570,1,3,14,'Pazartesi','13:00:00','13:45:00'),(1571,5,1,14,'Pazartesi','14:00:00','14:45:00'),(1572,6,17,14,'Pazartesi','15:00:00','15:45:00'),(1573,7,20,14,'Salı','09:00:00','09:45:00'),(1574,3,9,14,'Salı','10:00:00','10:45:00'),(1575,5,1,14,'Salı','11:00:00','11:45:00'),(1576,1,3,14,'Salı','13:00:00','13:45:00'),(1577,4,12,14,'Salı','14:00:00','14:45:00'),(1578,2,6,14,'Salı','15:00:00','15:45:00'),(1579,6,17,14,'Çarşamba','09:00:00','09:45:00'),(1580,1,3,14,'Çarşamba','10:00:00','10:45:00'),(1581,4,12,14,'Çarşamba','11:00:00','11:45:00'),(1582,2,6,14,'Çarşamba','13:00:00','13:45:00'),(1583,1,4,14,'Çarşamba','14:00:00','14:45:00'),(1584,1,5,14,'Çarşamba','15:00:00','15:45:00'),(1585,4,12,14,'Perşembe','09:00:00','09:45:00'),(1586,2,6,14,'Perşembe','10:00:00','10:45:00'),(1587,4,13,14,'Perşembe','11:00:00','11:45:00'),(1588,2,7,14,'Perşembe','13:00:00','13:45:00'),(1589,1,3,14,'Perşembe','14:00:00','14:45:00'),(1590,4,14,14,'Perşembe','15:00:00','15:45:00'),(1591,2,6,14,'Cuma','09:00:00','09:45:00'),(1592,7,20,14,'Cuma','10:00:00','10:45:00'),(1593,2,7,14,'Cuma','11:00:00','11:45:00'),(1594,4,12,14,'Cuma','13:00:00','13:45:00'),(1595,2,8,14,'Cuma','14:00:00','14:45:00'),(1596,4,13,14,'Cuma','15:00:00','15:45:00');
/*!40000 ALTER TABLE `ders_programi` ENABLE KEYS */;
UNLOCK TABLES;

--
-- Table structure for table `devamsizlik`
--

DROP TABLE IF EXISTS `devamsizlik`;
/*!40101 SET @saved_cs_client     = @@character_set_client */;
/*!50503 SET character_set_client = utf8mb4 */;
CREATE TABLE `devamsizlik` (
  `devamsizlikID` int NOT NULL AUTO_INCREMENT,
  `ogrenciID` int NOT NULL,
  `dersID` int NOT NULL,
  `devamsizlikTarihi` date NOT NULL,
  `durum` enum('Var','Yok') NOT NULL,
  PRIMARY KEY (`devamsizlikID`),
  KEY `ogrenciID` (`ogrenciID`),
  KEY `dersID` (`dersID`),
  CONSTRAINT `devamsizlik_ibfk_1` FOREIGN KEY (`ogrenciID`) REFERENCES `ogrenci` (`ogrenciID`),
  CONSTRAINT `devamsizlik_ibfk_2` FOREIGN KEY (`dersID`) REFERENCES `ders` (`dersID`)
) ENGINE=InnoDB AUTO_INCREMENT=3 DEFAULT CHARSET=utf8mb4 COLLATE=utf8mb4_0900_ai_ci;
/*!40101 SET character_set_client = @saved_cs_client */;

--
-- Dumping data for table `devamsizlik`
--

LOCK TABLES `devamsizlik` WRITE;
/*!40000 ALTER TABLE `devamsizlik` DISABLE KEYS */;
INSERT INTO `devamsizlik` VALUES (1,136,1,'2025-01-01','Var'),(2,215,1,'2025-01-06','Var');
/*!40000 ALTER TABLE `devamsizlik` ENABLE KEYS */;
UNLOCK TABLES;

--
-- Table structure for table `etkinlik`
--

DROP TABLE IF EXISTS `etkinlik`;
/*!40101 SET @saved_cs_client     = @@character_set_client */;
/*!50503 SET character_set_client = utf8mb4 */;
CREATE TABLE `etkinlik` (
  `etkinlikID` int NOT NULL AUTO_INCREMENT,
  `etkinlikIsmi` varchar(100) NOT NULL,
  `etkinlikAciklama` text,
  `etkinlikTarihi` date NOT NULL,
  `etkinlikYeri` varchar(100) DEFAULT NULL,
  PRIMARY KEY (`etkinlikID`)
) ENGINE=InnoDB AUTO_INCREMENT=3 DEFAULT CHARSET=utf8mb4 COLLATE=utf8mb4_0900_ai_ci;
/*!40101 SET character_set_client = @saved_cs_client */;

--
-- Dumping data for table `etkinlik`
--

LOCK TABLES `etkinlik` WRITE;
/*!40000 ALTER TABLE `etkinlik` DISABLE KEYS */;
INSERT INTO `etkinlik` VALUES (1,'7D Sinama','Sinama İzlenecek Biletler 100tl','2025-01-10','Okul Bahçesi');
/*!40000 ALTER TABLE `etkinlik` ENABLE KEYS */;
UNLOCK TABLES;

--
-- Table structure for table `notlar`
--

DROP TABLE IF EXISTS `notlar`;
/*!40101 SET @saved_cs_client     = @@character_set_client */;
/*!50503 SET character_set_client = utf8mb4 */;
CREATE TABLE `notlar` (
  `notID` int NOT NULL AUTO_INCREMENT,
  `ogrenciID` int NOT NULL,
  `dersID` int NOT NULL,
  `notDegeri` decimal(5,2) DEFAULT NULL,
  `notTarihi` date DEFAULT NULL,
  PRIMARY KEY (`notID`),
  KEY `ogrenciID` (`ogrenciID`),
  KEY `dersID` (`dersID`),
  CONSTRAINT `notlar_ibfk_1` FOREIGN KEY (`ogrenciID`) REFERENCES `ogrenci` (`ogrenciID`),
  CONSTRAINT `notlar_ibfk_2` FOREIGN KEY (`dersID`) REFERENCES `ders` (`dersID`)
) ENGINE=InnoDB AUTO_INCREMENT=22 DEFAULT CHARSET=utf8mb4 COLLATE=utf8mb4_0900_ai_ci;
/*!40101 SET character_set_client = @saved_cs_client */;

--
-- Dumping data for table `notlar`
--

LOCK TABLES `notlar` WRITE;
/*!40000 ALTER TABLE `notlar` DISABLE KEYS */;
INSERT INTO `notlar` VALUES (1,18,4,20.00,'2025-01-05'),(2,21,4,30.00,'2025-01-05'),(3,24,4,100.00,'2025-01-05'),(4,22,4,80.00,'2025-01-05'),(5,26,4,20.00,'2025-01-05'),(6,15,4,34.00,'2025-01-05'),(7,25,4,55.00,'2025-01-05'),(8,27,4,77.00,'2025-01-05'),(9,17,4,90.00,'2025-01-05'),(10,32,4,11.00,'2025-01-05'),(11,33,4,3.00,'2025-01-05'),(12,20,4,12.00,'2025-01-05'),(13,23,4,11.00,'2025-01-05'),(14,34,4,15.00,'2025-01-05'),(15,35,4,16.00,'2025-01-05'),(16,31,4,76.00,'2025-01-05'),(17,16,4,44.00,'2025-01-05'),(18,29,4,33.00,'2025-01-05'),(19,28,4,76.00,'2025-01-05'),(20,19,4,13.00,'2025-01-05'),(21,30,4,75.00,'2025-01-05');
/*!40000 ALTER TABLE `notlar` ENABLE KEYS */;
UNLOCK TABLES;

--
-- Table structure for table `ogrenci`
--

DROP TABLE IF EXISTS `ogrenci`;
/*!40101 SET @saved_cs_client     = @@character_set_client */;
/*!50503 SET character_set_client = utf8mb4 */;
CREATE TABLE `ogrenci` (
  `ogrenciID` int NOT NULL AUTO_INCREMENT,
  `ogrenciIsmi` varchar(45) NOT NULL,
  `ogrenciSoyismi` varchar(45) NOT NULL,
  `ogrenciYili` int NOT NULL,
  `ogrenciDogumYili` date NOT NULL,
  `ogrenciSinif` varchar(10) NOT NULL,
  `ogrenciVeliİsmi` varchar(45) NOT NULL,
  `ogrenciVeliTel` varchar(45) NOT NULL,
  `ogrenciAciklama` tinytext,
  PRIMARY KEY (`ogrenciID`)
) ENGINE=InnoDB AUTO_INCREMENT=296 DEFAULT CHARSET=utf8mb4 COLLATE=utf8mb4_0900_ai_ci;
/*!40101 SET character_set_client = @saved_cs_client */;

--
-- Dumping data for table `ogrenci`
--

LOCK TABLES `ogrenci` WRITE;
/*!40000 ALTER TABLE `ogrenci` DISABLE KEYS */;
INSERT INTO `ogrenci` VALUES (15,'Cengiz','Lütfü',2,'2020-02-20','1','fikriye','11111',NULL),(16,'Selin','Aslan',1,'2010-11-06','1','Hakan','5952246091','Otomatik oluşturuldu'),(17,'Fulya','Kaya',2,'2006-10-24','1','Emre','5619511783','Otomatik oluşturuldu'),(18,'Ahmet','Polat',3,'2007-03-17','1','Serkan','5834535791','Otomatik oluşturuldu'),(19,'Zeynep','Yavuz',1,'2005-06-13','1','Berk','5540196945','Otomatik oluşturuldu'),(20,'Hakan','Avcı',1,'2008-04-25','1','Ece','5913379917','Otomatik oluşturuldu'),(21,'Ayşe','Kaya',1,'2004-12-07','1','Halil','5705536664','Otomatik oluşturuldu'),(22,'Burak','Öztürk',2,'2002-10-18','1','Selin','5881868410','Otomatik oluşturuldu'),(23,'Hakan','Bal',1,'2006-05-04','1','Emre','5600859169','Otomatik oluşturuldu'),(24,'Berk','Demir',2,'2003-04-30','1','Ayşe','5370373085','Otomatik oluşturuldu'),(25,'Fatma','Uzun',3,'2004-05-29','1','Ayşe','5761420172','Otomatik oluşturuldu'),(26,'Burak','Koç',3,'2002-08-30','1','Fulya','5770590905','Otomatik oluşturuldu'),(27,'Fatma','Bal',1,'2004-11-25','1','Halil','5694737899','Otomatik oluşturuldu'),(28,'Yağmur','Polat',3,'2002-03-31','1','Büşra','5446097493','Otomatik oluşturuldu'),(29,'Sibel','Demir',3,'2003-11-04','1','Büşra','5670920648','Otomatik oluşturuldu'),(30,'Zeynep','Aslan',2,'2003-04-30','1','Mehmet','5357516071','Otomatik oluşturuldu'),(31,'Mert','Erol',2,'2001-03-21','1','Zeynep','5395992152','Otomatik oluşturuldu'),(32,'Gamze','Bal',3,'2007-04-05','1','Hakan','5537140685','Otomatik oluşturuldu'),(33,'Gizem','Özer',1,'2004-02-12','1','Fulya','5616667600','Otomatik oluşturuldu'),(34,'Halil','Özer',1,'2008-12-31','1','Mert','5997188537','Otomatik oluşturuldu'),(35,'Mehmet','Uzun',2,'2009-12-24','1','Fulya','5707935700','Otomatik oluşturuldu'),(36,'Serkan','Özer',2,'2009-07-28','2','Gamze','5909669451','Otomatik oluşturuldu'),(37,'Halil','Acar',2,'2007-09-16','2','Gamze','5677368682','Otomatik oluşturuldu'),(38,'Burak','Öztürk',3,'2010-01-21','2','Burak','5332781428','Otomatik oluşturuldu'),(39,'Gizem','Avcı',1,'2009-07-24','2','Gizem','5729333766','Otomatik oluşturuldu'),(40,'Halil','Can',1,'2000-01-10','2','Gizem','5954578162','Otomatik oluşturuldu'),(41,'Serkan','Kurt',2,'2009-06-15','2','Berk','5968857943','Otomatik oluşturuldu'),(42,'Emre','Uzun',2,'2008-12-27','2','Emre','5285182139','Otomatik oluşturuldu'),(43,'Yağmur','Şahin',3,'2010-04-10','2','Halil','5968572919','Otomatik oluşturuldu'),(44,'Ayşe','Demir',2,'2003-11-25','2','Yağmur','5466119782','Otomatik oluşturuldu'),(45,'Selin','Bal',2,'2007-11-26','2','Fatma','5106636525','Otomatik oluşturuldu'),(46,'Selin','Avcı',3,'2000-12-13','2','Sibel','5314223080','Otomatik oluşturuldu'),(47,'Berk','Kurt',1,'2000-12-11','2','Gamze','5221797389','Otomatik oluşturuldu'),(48,'Yağmur','Öztürk',1,'2006-12-21','2','Hakan','5357765549','Otomatik oluşturuldu'),(49,'Halil','Acar',3,'2007-12-27','2','Hakan','5890035709','Otomatik oluşturuldu'),(50,'Serkan','Demir',2,'2008-12-28','2','Burak','5855680101','Otomatik oluşturuldu'),(51,'Mert','Öztürk',2,'2001-11-21','2','Mehmet','5510049900','Otomatik oluşturuldu'),(52,'Büşra','Öztürk',3,'2009-07-29','2','Mert','5286027963','Otomatik oluşturuldu'),(53,'Ayşe','Şahin',1,'2004-01-27','2','Fatma','5607233508','Otomatik oluşturuldu'),(54,'Selin','Yılmaz',3,'2001-05-17','2','Burak','5889616158','Otomatik oluşturuldu'),(55,'Hakan','Yılmaz',2,'2006-07-27','2','Zeynep','5831066407','Otomatik oluşturuldu'),(56,'Ahmet','Çelik',2,'2000-08-14','3','Sibel','5317399172','Otomatik oluşturuldu'),(57,'Halil','Can',2,'2001-06-08','3','Zeynep','5767891071','Otomatik oluşturuldu'),(58,'Sibel','Can',2,'2007-05-04','3','Büşra','5352897478','Otomatik oluşturuldu'),(59,'Fulya','Bal',3,'2009-07-30','3','Sibel','5294962917','Otomatik oluşturuldu'),(60,'Büşra','Can',2,'2000-01-02','3','Emre','5872570603','Otomatik oluşturuldu'),(61,'Fatma','Yavuz',1,'2001-11-07','3','Gamze','5605236227','Otomatik oluşturuldu'),(62,'Ece','Yılmaz',2,'2008-02-23','3','Büşra','5725286715','Otomatik oluşturuldu'),(63,'Yağmur','Arslan',2,'2001-03-17','3','Serkan','5752443674','Otomatik oluşturuldu'),(64,'Gamze','Koç',1,'2008-10-06','3','Mert','5973699317','Otomatik oluşturuldu'),(65,'Ahmet','Özer',3,'2008-11-12','3','Zeynep','5164582212','Otomatik oluşturuldu'),(66,'Selin','Bal',2,'2007-06-05','3','Gizem','5712075637','Otomatik oluşturuldu'),(67,'Halil','Öztürk',2,'2008-08-03','3','Gizem','5551719423','Otomatik oluşturuldu'),(68,'Halil','Demir',1,'2009-01-09','3','Ece','5408478875','Otomatik oluşturuldu'),(69,'Büşra','Aslan',2,'2007-01-06','3','Serkan','5303642050','Otomatik oluşturuldu'),(70,'Halil','Kılıç',3,'2010-07-14','3','Emre','5131504638','Otomatik oluşturuldu'),(71,'Gamze','Özer',3,'2000-11-17','3','Halil','5273538071','Otomatik oluşturuldu'),(72,'Yağmur','Erol',2,'2003-11-21','3','Sibel','5205877515','Otomatik oluşturuldu'),(73,'Mehmet','Bal',1,'2007-04-04','3','Ayşe','5989613707','Otomatik oluşturuldu'),(74,'Selin','Can',1,'2009-06-26','3','Ayşe','5104032299','Otomatik oluşturuldu'),(75,'Yağmur','Özer',2,'2002-07-04','3','Berk','5860737120','Otomatik oluşturuldu'),(76,'Berk','Erol',1,'2000-11-13','4','Ece','5798374385','Otomatik oluşturuldu'),(77,'Fatma','Aslan',2,'2010-10-07','4','Gizem','5206643096','Otomatik oluşturuldu'),(78,'Burak','Kaya',2,'2007-08-02','4','Hakan','5342319827','Otomatik oluşturuldu'),(79,'Fatma','Polat',3,'2003-10-13','4','Ece','5318964213','Otomatik oluşturuldu'),(80,'Büşra','Özer',1,'2004-08-04','4','Ece','5695899993','Otomatik oluşturuldu'),(81,'Ece','Yılmaz',3,'2008-11-24','4','Ayşe','5456603931','Otomatik oluşturuldu'),(82,'Yağmur','Polat',2,'2010-04-06','4','Ahmet','5797610991','Otomatik oluşturuldu'),(83,'Büşra','Arslan',1,'2003-04-27','4','Sibel','5175241969','Otomatik oluşturuldu'),(84,'Mert','Çelik',3,'2006-11-12','4','Hakan','5527280313','Otomatik oluşturuldu'),(85,'Halil','Yılmaz',2,'2004-11-26','4','Büşra','5869630592','Otomatik oluşturuldu'),(86,'Ahmet','Uzun',1,'2002-04-10','4','Selin','5688543515','Otomatik oluşturuldu'),(87,'Sibel','Arslan',3,'2009-07-25','4','Zeynep','5536605210','Otomatik oluşturuldu'),(88,'Serkan','Koç',2,'2002-07-19','4','Berk','5848597226','Otomatik oluşturuldu'),(89,'Halil','Şahin',1,'2001-04-26','4','Halil','5812958871','Otomatik oluşturuldu'),(90,'Burak','Şahin',1,'2003-04-22','4','Gizem','5809776013','Otomatik oluşturuldu'),(91,'Burak','Arslan',2,'2007-01-26','4','Fatma','5291717514','Otomatik oluşturuldu'),(92,'Büşra','Demir',1,'2010-08-19','4','Zeynep','5912789229','Otomatik oluşturuldu'),(93,'Sibel','Öztürk',3,'2002-09-21','4','Yağmur','5798537042','Otomatik oluşturuldu'),(94,'Serkan','Acar',2,'2006-02-03','4','Ahmet','5192880301','Otomatik oluşturuldu'),(95,'Halil','Bal',2,'2001-11-25','4','Ayşe','5185045371','Otomatik oluşturuldu'),(96,'Mert','Kaya',2,'2008-04-07','5','Serkan','5488341614','Otomatik oluşturuldu'),(97,'Ayşe','Uzun',2,'2005-06-09','5','Emre','5417963518','Otomatik oluşturuldu'),(98,'Hakan','Özer',2,'2008-08-14','5','Fulya','5495605191','Otomatik oluşturuldu'),(99,'Halil','Can',1,'2008-10-16','5','Gizem','5915294579','Otomatik oluşturuldu'),(100,'Ahmet','Çelik',1,'2002-06-11','5','Sibel','5363371946','Otomatik oluşturuldu'),(101,'Fulya','Avcı',3,'2001-12-13','5','Emre','5708779057','Otomatik oluşturuldu'),(102,'Burak','Öztürk',2,'2009-07-31','5','Burak','5313907617','Otomatik oluşturuldu'),(103,'Hakan','Demir',3,'2005-04-22','5','Fulya','5257962997','Otomatik oluşturuldu'),(104,'Ahmet','Öztürk',1,'2010-11-24','5','Ece','5594686647','Otomatik oluşturuldu'),(105,'Gamze','Bal',1,'2001-04-05','5','Gamze','5226591970','Otomatik oluşturuldu'),(106,'Emre','Koç',1,'2004-02-01','5','Sibel','5926231597','Otomatik oluşturuldu'),(107,'Emre','Kılıç',2,'2007-11-17','5','Ece','5380327972','Otomatik oluşturuldu'),(108,'Ayşe','Arslan',3,'2004-03-24','5','Zeynep','5438633947','Otomatik oluşturuldu'),(109,'Serkan','Kılıç',3,'2006-05-13','5','Büşra','5712095907','Otomatik oluşturuldu'),(110,'Gamze','Şahin',3,'2010-11-24','5','Burak','5696637776','Otomatik oluşturuldu'),(111,'Yağmur','Yavuz',3,'2000-09-11','5','Gizem','5245567636','Otomatik oluşturuldu'),(112,'Ahmet','Aslan',2,'2001-12-08','5','Serkan','5223438252','Otomatik oluşturuldu'),(113,'Serkan','Kılıç',3,'2007-03-13','5','Yağmur','5520501767','Otomatik oluşturuldu'),(114,'Mert','Aslan',2,'2010-04-10','5','Mert','5117883627','Otomatik oluşturuldu'),(115,'Ece','Can',2,'2004-07-18','5','Mert','5543868968','Otomatik oluşturuldu'),(116,'Selin','Polat',3,'2010-08-08','6','Fulya','5355464724','Otomatik oluşturuldu'),(117,'Büşra','Bal',2,'2001-08-26','6','Gizem','5798820188','Otomatik oluşturuldu'),(118,'Selin','Demir',3,'2003-06-09','6','Fatma','5579286971','Otomatik oluşturuldu'),(119,'Yağmur','Kurt',3,'2002-12-19','6','Mehmet','5515361941','Otomatik oluşturuldu'),(120,'Mehmet','Kaya',3,'2003-01-09','6','Serkan','5586833128','Otomatik oluşturuldu'),(121,'Büşra','Can',2,'2004-10-04','6','Berk','5344336495','Otomatik oluşturuldu'),(122,'Emre','Kaya',3,'2007-08-20','6','Halil','5558207695','Otomatik oluşturuldu'),(123,'Halil','Aslan',1,'2004-08-03','6','Burak','5964887324','Otomatik oluşturuldu'),(124,'Burak','Öztürk',1,'2010-12-05','6','Burak','5341709345','Otomatik oluşturuldu'),(125,'Serkan','Özer',3,'2006-07-03','6','Sibel','5784799775','Otomatik oluşturuldu'),(126,'Hakan','Uzun',1,'2003-03-20','6','Büşra','5833419020','Otomatik oluşturuldu'),(127,'Gizem','Yılmaz',3,'2006-12-01','6','Berk','5758220650','Otomatik oluşturuldu'),(128,'Yağmur','Arslan',1,'2005-06-21','6','Selin','5205934757','Otomatik oluşturuldu'),(129,'Zeynep','Arslan',3,'2005-02-06','6','Serkan','5819269979','Otomatik oluşturuldu'),(130,'Gizem','Aslan',1,'2003-09-22','6','Ahmet','5861007222','Otomatik oluşturuldu'),(131,'Burak','Yavuz',1,'2002-09-24','6','Fulya','5404177217','Otomatik oluşturuldu'),(132,'Mert','Acar',2,'2001-05-04','6','Gizem','5434508902','Otomatik oluşturuldu'),(133,'Fatma','Demir',3,'2008-03-18','6','Yağmur','5348457754','Otomatik oluşturuldu'),(134,'Ece','Kılıç',3,'2010-05-27','6','Halil','5956075928','Otomatik oluşturuldu'),(135,'Gamze','Demir',1,'2002-12-30','6','Halil','5132296939','Otomatik oluşturuldu'),(136,'Fulya','Kurt',1,'2000-07-04','7','Zeynep','5377183051','Otomatik oluşturuldu'),(137,'Mert','Şahin',3,'2001-11-08','7','Ayşe','5359330334','Otomatik oluşturuldu'),(138,'Mert','Yılmaz',3,'2009-02-13','7','Serkan','5144012876','Otomatik oluşturuldu'),(139,'Gamze','Kurt',2,'2009-07-22','7','Zeynep','5354056147','Otomatik oluşturuldu'),(140,'Yağmur','Uzun',3,'2010-09-14','7','Yağmur','5755080602','Otomatik oluşturuldu'),(141,'Fulya','Yavuz',2,'2009-04-27','7','Fulya','5334725239','Otomatik oluşturuldu'),(142,'Sibel','Acar',1,'2005-05-31','7','Ece','5512769378','Otomatik oluşturuldu'),(143,'Büşra','Arslan',2,'2001-02-07','7','Hakan','5419931642','Otomatik oluşturuldu'),(144,'Yağmur','Şahin',2,'2004-05-13','7','Burak','5577483141','Otomatik oluşturuldu'),(145,'Burak','Kılıç',3,'2008-07-19','7','Fatma','5678006668','Otomatik oluşturuldu'),(146,'Fulya','Can',3,'2007-01-23','7','Serkan','5845265862','Otomatik oluşturuldu'),(147,'Sibel','Aslan',2,'2001-12-20','7','Hakan','5790459951','Otomatik oluşturuldu'),(148,'Emre','Yavuz',2,'2004-10-15','7','Hakan','5860194463','Otomatik oluşturuldu'),(149,'Büşra','Özer',2,'2007-01-10','7','Mert','5948914931','Otomatik oluşturuldu'),(150,'Büşra','Can',3,'2008-06-25','7','Fulya','5132544969','Otomatik oluşturuldu'),(151,'Emre','Erol',2,'2000-01-05','7','Ayşe','5871547057','Otomatik oluşturuldu'),(152,'Zeynep','Kurt',2,'2002-09-05','7','Ayşe','5912497385','Otomatik oluşturuldu'),(153,'Serkan','Koç',1,'2002-08-21','7','Berk','5150760878','Otomatik oluşturuldu'),(154,'Emre','Şahin',2,'2000-02-09','7','Ahmet','5818096547','Otomatik oluşturuldu'),(155,'Gizem','Acar',2,'2005-02-13','7','Halil','5336164686','Otomatik oluşturuldu'),(156,'Berk','Uzun',2,'2009-03-13','8','Selin','5608869792','Otomatik oluşturuldu'),(157,'Büşra','Çelik',1,'2005-11-14','8','Serkan','5823804392','Otomatik oluşturuldu'),(158,'Selin','Özer',3,'2000-04-19','8','Ayşe','5496748833','Otomatik oluşturuldu'),(159,'Ahmet','Kurt',1,'2005-12-25','8','Gamze','5314849359','Otomatik oluşturuldu'),(160,'Mert','Uzun',1,'2004-05-20','8','Fulya','5604291634','Otomatik oluşturuldu'),(161,'Mert','Erol',1,'2001-01-27','8','Ece','5809682682','Otomatik oluşturuldu'),(162,'Berk','Öztürk',3,'2000-12-19','8','Ece','5617856233','Otomatik oluşturuldu'),(163,'Berk','Yavuz',2,'2002-10-30','8','Büşra','5657135863','Otomatik oluşturuldu'),(164,'Mert','Koç',1,'2006-10-04','8','Sibel','5967149722','Otomatik oluşturuldu'),(165,'Ayşe','Avcı',3,'2004-05-16','8','Selin','5180247916','Otomatik oluşturuldu'),(166,'Emre','Erol',2,'2006-02-18','8','Gizem','5501288617','Otomatik oluşturuldu'),(167,'Hakan','Koç',1,'2005-10-25','8','Mehmet','5576987587','Otomatik oluşturuldu'),(168,'Selin','Öztürk',2,'2007-02-11','8','Zeynep','5323986455','Otomatik oluşturuldu'),(169,'Fulya','Demir',3,'2001-06-30','8','Halil','5994250020','Otomatik oluşturuldu'),(170,'Ayşe','Aslan',2,'2010-02-22','8','Emre','5124658055','Otomatik oluşturuldu'),(171,'Yağmur','Bal',3,'2005-01-18','8','Mert','5571910374','Otomatik oluşturuldu'),(172,'Gizem','Demir',3,'2007-07-13','8','Berk','5567672407','Otomatik oluşturuldu'),(173,'Ece','Polat',1,'2000-08-16','8','Büşra','5426590606','Otomatik oluşturuldu'),(174,'Serkan','Arslan',1,'2004-08-22','8','Yağmur','5110957880','Otomatik oluşturuldu'),(175,'Fatma','Acar',1,'2003-03-05','8','Fatma','5754314854','Otomatik oluşturuldu'),(176,'Emre','Can',3,'2004-08-25','9','Serkan','5793929931','Otomatik oluşturuldu'),(177,'Sibel','Acar',1,'2004-09-24','9','Zeynep','5983970278','Otomatik oluşturuldu'),(178,'Sibel','Demir',2,'2004-11-24','9','Mehmet','5900620903','Otomatik oluşturuldu'),(179,'Fulya','Koç',2,'2004-10-23','9','Halil','5326077580','Otomatik oluşturuldu'),(180,'Yağmur','Yılmaz',2,'2000-09-27','9','Berk','5635840452','Otomatik oluşturuldu'),(181,'Hakan','Çelik',3,'2000-07-24','9','Yağmur','5233109142','Otomatik oluşturuldu'),(182,'Büşra','Şahin',1,'2004-04-03','9','Burak','5583080871','Otomatik oluşturuldu'),(183,'Fulya','Aslan',1,'2003-08-09','9','Ece','5494798866','Otomatik oluşturuldu'),(184,'Halil','Kaya',2,'2004-02-01','9','Mehmet','5527806910','Otomatik oluşturuldu'),(185,'Mehmet','Uzun',2,'2001-06-09','9','Gamze','5754433517','Otomatik oluşturuldu'),(186,'Ahmet','Can',2,'2000-07-04','9','Ece','5964020409','Otomatik oluşturuldu'),(187,'Halil','Demir',3,'2003-04-28','9','Ece','5291636721','Otomatik oluşturuldu'),(188,'Fulya','Özer',3,'2004-03-08','9','Yağmur','5455911222','Otomatik oluşturuldu'),(189,'Emre','Demir',1,'2000-06-06','9','Yağmur','5409605348','Otomatik oluşturuldu'),(190,'Sibel','Demir',2,'2010-10-18','9','Ahmet','5796414852','Otomatik oluşturuldu'),(191,'Ahmet','Kaya',1,'2000-11-08','9','Serkan','5746513350','Otomatik oluşturuldu'),(192,'Büşra','Yılmaz',2,'2004-07-31','9','Ayşe','5587451803','Otomatik oluşturuldu'),(193,'Mehmet','Bal',1,'2001-01-17','9','Ahmet','5461070473','Otomatik oluşturuldu'),(194,'Ayşe','Koç',1,'2009-10-30','9','Hakan','5201015992','Otomatik oluşturuldu'),(195,'Ahmet','Arslan',1,'2007-10-01','9','Emre','5827267046','Otomatik oluşturuldu'),(196,'Mert','Koç',3,'2007-10-14','10','Burak','5296176324','Otomatik oluşturuldu'),(197,'Berk','Bal',3,'2009-04-01','10','Berk','5257431105','Otomatik oluşturuldu'),(198,'Yağmur','Aslan',1,'2007-11-18','10','Mehmet','5245412228','Otomatik oluşturuldu'),(199,'Berk','Can',2,'2010-11-09','10','Mehmet','5818881795','Otomatik oluşturuldu'),(200,'Sibel','Şahin',1,'2005-05-08','10','Ayşe','5218512457','Otomatik oluşturuldu'),(201,'Sibel','Kurt',1,'2006-11-15','10','Mert','5415381622','Otomatik oluşturuldu'),(202,'Fulya','Öztürk',1,'2009-09-06','10','Selin','5816347982','Otomatik oluşturuldu'),(203,'Emre','Şahin',2,'2004-10-14','10','Zeynep','5631250736','Otomatik oluşturuldu'),(204,'Sibel','Yavuz',1,'2000-06-05','10','Burak','5699650524','Otomatik oluşturuldu'),(205,'Yağmur','Polat',2,'2004-08-18','10','Mehmet','5900594229','Otomatik oluşturuldu'),(206,'Büşra','Acar',2,'2009-10-26','10','Halil','5425901518','Otomatik oluşturuldu'),(207,'Gizem','Erol',1,'2010-05-16','10','Serkan','5537997545','Otomatik oluşturuldu'),(208,'Emre','Arslan',1,'2000-12-29','10','Ahmet','5450374741','Otomatik oluşturuldu'),(209,'Zeynep','Uzun',1,'2005-03-20','10','Ayşe','5778051155','Otomatik oluşturuldu'),(210,'Fatma','Aslan',1,'2003-09-22','10','Gizem','5289598991','Otomatik oluşturuldu'),(211,'Ece','Acar',1,'2009-01-07','10','Fulya','5696060584','Otomatik oluşturuldu'),(212,'Fatma','Kaya',2,'2009-07-20','10','Hakan','5382958797','Otomatik oluşturuldu'),(213,'Mert','Polat',1,'2003-02-17','10','Gamze','5428515595','Otomatik oluşturuldu'),(214,'Burak','Yılmaz',1,'2008-07-11','10','Emre','5283163706','Otomatik oluşturuldu'),(215,'Ahmet','Kaya',3,'2000-07-01','10','Mehmet','5469164885','Otomatik oluşturuldu'),(216,'Serkan','Öztürk',2,'2002-12-05','11','Selin','5694174346','Otomatik oluşturuldu'),(217,'Ahmet','Polat',1,'2006-06-29','11','Sibel','5609358829','Otomatik oluşturuldu'),(218,'Fulya','Polat',2,'2000-11-23','11','Ayşe','5338185888','Otomatik oluşturuldu'),(219,'Serkan','Acar',2,'2006-11-08','11','Ahmet','5905214813','Otomatik oluşturuldu'),(220,'Ece','Çelik',2,'2001-10-02','11','Serkan','5755850249','Otomatik oluşturuldu'),(221,'Hakan','Demir',2,'2009-01-31','11','Fulya','5324239448','Otomatik oluşturuldu'),(222,'Emre','Demir',3,'2001-05-07','11','Burak','5908866476','Otomatik oluşturuldu'),(223,'Gizem','Aslan',3,'2000-05-15','11','Büşra','5796254322','Otomatik oluşturuldu'),(224,'Fatma','Çelik',1,'2010-06-01','11','Berk','5266426553','Otomatik oluşturuldu'),(225,'Ayşe','Polat',1,'2010-09-26','11','Hakan','5573661662','Otomatik oluşturuldu'),(226,'Hakan','Yılmaz',3,'2006-05-23','11','Zeynep','5132111251','Otomatik oluşturuldu'),(227,'Gizem','Bal',3,'2004-07-01','11','Fulya','5778803715','Otomatik oluşturuldu'),(228,'Selin','Şahin',1,'2007-01-08','11','Berk','5379433838','Otomatik oluşturuldu'),(229,'Mert','Çelik',3,'2007-06-25','11','Hakan','5539387633','Otomatik oluşturuldu'),(230,'Halil','Yavuz',1,'2001-10-21','11','Ahmet','5846808454','Otomatik oluşturuldu'),(231,'Zeynep','Bal',1,'2006-03-20','11','Selin','5933020675','Otomatik oluşturuldu'),(232,'Gamze','Koç',1,'2000-12-04','11','Berk','5825997160','Otomatik oluşturuldu'),(233,'Burak','Avcı',2,'2001-07-04','11','Gamze','5406065959','Otomatik oluşturuldu'),(234,'Büşra','Koç',3,'2008-05-26','11','Zeynep','5142801031','Otomatik oluşturuldu'),(235,'Ayşe','Can',3,'2010-03-02','11','Serkan','5893419539','Otomatik oluşturuldu'),(236,'Fatma','Özer',1,'2010-01-10','12','Sibel','5838601671','Otomatik oluşturuldu'),(237,'Sibel','Can',3,'2007-11-16','12','Büşra','5363518709','Otomatik oluşturuldu'),(238,'Mert','Kılıç',2,'2000-03-12','12','Mert','5849266467','Otomatik oluşturuldu'),(239,'Büşra','Polat',3,'2006-08-06','12','Ahmet','5740018214','Otomatik oluşturuldu'),(240,'Gamze','Demir',2,'2009-04-01','12','Halil','5940486936','Otomatik oluşturuldu'),(241,'Fulya','Öztürk',3,'2006-02-13','12','Sibel','5956978073','Otomatik oluşturuldu'),(242,'Ahmet','Demir',1,'2008-02-12','12','Zeynep','5868035753','Otomatik oluşturuldu'),(243,'Emre','Avcı',3,'2001-12-24','12','Gamze','5418028228','Otomatik oluşturuldu'),(244,'Selin','Avcı',2,'2009-11-23','12','Büşra','5409227453','Otomatik oluşturuldu'),(245,'Halil','Avcı',3,'2009-08-14','12','Mehmet','5814997831','Otomatik oluşturuldu'),(246,'Berk','Özer',2,'2007-10-24','12','Zeynep','5149580709','Otomatik oluşturuldu'),(247,'Burak','Bal',1,'2009-08-20','12','Burak','5505921550','Otomatik oluşturuldu'),(248,'Gamze','Can',3,'2002-01-03','12','Selin','5133977671','Otomatik oluşturuldu'),(249,'Emre','Bal',1,'2003-09-13','12','Yağmur','5805648093','Otomatik oluşturuldu'),(250,'Halil','Öztürk',2,'2010-09-19','12','Fatma','5173234127','Otomatik oluşturuldu'),(251,'Gizem','Kaya',3,'2002-06-21','12','Ece','5826466719','Otomatik oluşturuldu'),(252,'Serkan','Şahin',3,'2008-12-03','12','Yağmur','5170277074','Otomatik oluşturuldu'),(253,'Selin','Uzun',2,'2008-04-19','12','Hakan','5184233607','Otomatik oluşturuldu'),(254,'Zeynep','Arslan',3,'2004-02-24','12','Büşra','5114640570','Otomatik oluşturuldu'),(255,'Ayşe','Avcı',1,'2000-05-27','12','Selin','5102916162','Otomatik oluşturuldu'),(256,'Burak','Acar',3,'2002-02-27','13','Fatma','5733144639','Otomatik oluşturuldu'),(257,'Burak','Öztürk',2,'2009-09-28','13','Sibel','5110154550','Otomatik oluşturuldu'),(258,'Berk','Yavuz',3,'2009-01-29','13','Ahmet','5778492688','Otomatik oluşturuldu'),(259,'Yağmur','Kılıç',1,'2001-11-03','13','Burak','5912089361','Otomatik oluşturuldu'),(260,'Fatma','Yavuz',1,'2008-10-10','13','Berk','5598073132','Otomatik oluşturuldu'),(261,'Ece','Acar',3,'2001-01-01','13','Hakan','5259112184','Otomatik oluşturuldu'),(262,'Mert','Yılmaz',1,'2007-12-20','13','Yağmur','5530764022','Otomatik oluşturuldu'),(263,'Burak','Öztürk',1,'2010-04-24','13','Serkan','5535862599','Otomatik oluşturuldu'),(264,'Mert','Şahin',3,'2000-01-19','13','Berk','5457240417','Otomatik oluşturuldu'),(265,'Fatma','Öztürk',3,'2003-06-23','13','Sibel','5904009388','Otomatik oluşturuldu'),(266,'Gamze','Demir',3,'2002-05-08','13','Hakan','5815471508','Otomatik oluşturuldu'),(267,'Burak','Bal',2,'2007-01-20','13','Serkan','5659506060','Otomatik oluşturuldu'),(268,'Burak','Erol',2,'2009-11-01','13','Mehmet','5646883082','Otomatik oluşturuldu'),(269,'Hakan','Bal',1,'2002-05-14','13','Fulya','5940278617','Otomatik oluşturuldu'),(270,'Sibel','Bal',1,'2000-01-09','13','Yağmur','5930492641','Otomatik oluşturuldu'),(271,'Gizem','Acar',2,'2009-08-11','13','Serkan','5343344791','Otomatik oluşturuldu'),(272,'Zeynep','Kaya',2,'2008-06-18','13','Berk','5237069432','Otomatik oluşturuldu'),(273,'Halil','Demir',3,'2010-12-27','13','Berk','5444422857','Otomatik oluşturuldu'),(274,'Gizem','Özer',2,'2002-05-11','13','Fulya','5583990748','Otomatik oluşturuldu'),(275,'Selin','Erol',1,'2000-06-22','13','Fulya','5721182347','Otomatik oluşturuldu'),(276,'Hakan','Kurt',3,'2002-02-24','14','Büşra','5994077397','Otomatik oluşturuldu'),(277,'Mert','Demir',2,'2010-06-28','14','Serkan','5173388524','Otomatik oluşturuldu'),(278,'Burak','Öztürk',1,'2000-01-12','14','Burak','5341308540','Otomatik oluşturuldu'),(279,'Mehmet','Koç',3,'2010-10-06','14','Burak','5143916792','Otomatik oluşturuldu'),(280,'Burak','Polat',1,'2001-11-23','14','Ece','5282193365','Otomatik oluşturuldu'),(281,'Burak','Demir',2,'2010-09-16','14','Serkan','5183913535','Otomatik oluşturuldu'),(282,'Mehmet','Aslan',1,'2007-04-27','14','Halil','5196486241','Otomatik oluşturuldu'),(283,'Mehmet','Çelik',3,'2001-12-22','14','Gamze','5428877641','Otomatik oluşturuldu'),(284,'Fulya','Uzun',2,'2000-02-07','14','Berk','5819196790','Otomatik oluşturuldu'),(285,'Gizem','Çelik',3,'2007-01-01','14','Mehmet','5771186602','Otomatik oluşturuldu'),(286,'Serkan','Öztürk',1,'2000-06-12','14','Burak','5155875553','Otomatik oluşturuldu'),(287,'Ahmet','Avcı',1,'2009-05-21','14','Büşra','5391385252','Otomatik oluşturuldu'),(288,'Büşra','Kılıç',1,'2006-11-18','14','Selin','5397689623','Otomatik oluşturuldu'),(289,'Burak','Koç',1,'2004-09-10','14','Hakan','5118659747','Otomatik oluşturuldu'),(290,'Ayşe','Kaya',3,'2005-01-20','14','Hakan','5499177727','Otomatik oluşturuldu'),(291,'Fulya','Yavuz',3,'2000-08-15','14','Gamze','5579059672','Otomatik oluşturuldu'),(292,'Ece','Öztürk',2,'2005-01-01','14','Fulya','5612272452','Otomatik oluşturuldu'),(293,'Fulya','Özer',1,'2009-08-24','14','Burak','5146637062','Otomatik oluşturuldu'),(294,'Gamze','Erol',1,'2008-05-27','14','Büşra','5912337308','Otomatik oluşturuldu'),(295,'Ece','Demir',3,'2009-05-09','14','Gizem','5194294498','Otomatik oluşturuldu');
/*!40000 ALTER TABLE `ogrenci` ENABLE KEYS */;
UNLOCK TABLES;

--
-- Table structure for table `ogretmen`
--

DROP TABLE IF EXISTS `ogretmen`;
/*!40101 SET @saved_cs_client     = @@character_set_client */;
/*!50503 SET character_set_client = utf8mb4 */;
CREATE TABLE `ogretmen` (
  `ogretmenID` int NOT NULL AUTO_INCREMENT,
  `ogretmenIsim` varchar(50) NOT NULL,
  `ogretmenSoyisim` varchar(50) NOT NULL,
  `ogretmenTelefon` varchar(15) DEFAULT NULL,
  `ogretmenEmail` varchar(100) DEFAULT NULL,
  `ogretmenBrans` varchar(50) DEFAULT NULL,
  `ogretmenIseBaslamaTarihi` date DEFAULT NULL,
  PRIMARY KEY (`ogretmenID`)
) ENGINE=InnoDB AUTO_INCREMENT=30 DEFAULT CHARSET=utf8mb4 COLLATE=utf8mb4_0900_ai_ci;
/*!40101 SET character_set_client = @saved_cs_client */;

--
-- Dumping data for table `ogretmen`
--

LOCK TABLES `ogretmen` WRITE;
/*!40000 ALTER TABLE `ogretmen` DISABLE KEYS */;
INSERT INTO `ogretmen` VALUES (1,'Cengiz','Kocaman','5554104131','xxx@xxx.com','Din','2025-01-01'),(3,'Faruk','Altan','5051','?????','Fen Bilimleri','2025-01-04'),(4,'Milat','Altıntuğ','5052','?????','Fen Bilimleri','2025-01-04'),(5,'Metin','Cilat','5053','?????','Fen Bilimleri','2025-01-04'),(6,'Cem','Korkmaz','5054','?????','Matematik','2025-01-04'),(7,'Elif','Toraman','5055','?????','Matematik','2025-01-04'),(8,'Aslı','Tok','5056','?????','Matematik','2025-01-04'),(9,'Berna','Altuğ','5057','?????','İngilizce','2025-01-04'),(10,'Melih','Korkmaz','5058','?????','İngilizce','2025-01-04'),(11,'Yiğit','Sarıtepe','5059','?????','İngilizce','2025-01-04'),(12,'Merve','Bahadır','5060','?????','Türkçe','2025-01-04'),(13,'Selin','Yılmaz','5061','?????','Türkçe','2025-01-04'),(14,'Cenk','Tusan','5062','?????','Türkçe','2025-01-04'),(15,'Yasemin','Ak','5063','?????','Din','2025-01-04'),(16,'Fırat','Yılmaz','5064','?????','Din','2025-01-04'),(17,'Kevser','Kaya','5065','?????','Beden','2025-01-04'),(18,'Irmak','Akyiğit','5066','?????','Beden','2025-01-04'),(19,'Cem','Yıldız','5067','?????','Beden','2025-01-04'),(20,'Salih','Heptaş','5068','?????','Sosyal Bilgiler','2025-01-04'),(21,'Ahmet','Yaman','5069','?????','Sosyal Bilgiler','2025-01-04'),(22,'Berke','Şan','5070','?????','Sosyal Bilgiler','2025-01-04'),(23,'Banu ','Özteki','5071','?????','Fen Bilimleri','2025-01-05'),(24,'Cevdet','Paşadur','5072','?????','Matematik','2025-01-05'),(25,'Fırat','Yeşuldir','5073','?????','İngilizce','2025-01-05'),(26,'Cem','Cira','5074','?????','Türkçe','2025-01-05'),(27,'Şule','Nehir','5075','?????','Din','2025-01-05'),(28,'Bekir','Gündüz','5076','?????','Beden','2025-01-05'),(29,'Kağan','Kadir','5077','?????','Sosyal Bilgiler','2025-01-05');
/*!40000 ALTER TABLE `ogretmen` ENABLE KEYS */;
UNLOCK TABLES;

--
-- Table structure for table `sinif`
--

DROP TABLE IF EXISTS `sinif`;
/*!40101 SET @saved_cs_client     = @@character_set_client */;
/*!50503 SET character_set_client = utf8mb4 */;
CREATE TABLE `sinif` (
  `sinifID` int NOT NULL AUTO_INCREMENT,
  `sinifName` varchar(45) NOT NULL,
  `sinifStudentNumber` int NOT NULL,
  `sinifYear` int NOT NULL,
  PRIMARY KEY (`sinifID`)
) ENGINE=InnoDB AUTO_INCREMENT=15 DEFAULT CHARSET=utf8mb4 COLLATE=utf8mb4_0900_ai_ci;
/*!40101 SET character_set_client = @saved_cs_client */;

--
-- Dumping data for table `sinif`
--

LOCK TABLES `sinif` WRITE;
/*!40000 ALTER TABLE `sinif` DISABLE KEYS */;
INSERT INTO `sinif` VALUES (1,'1A',25,1),(2,'3A',25,3),(4,'3B',29,3),(5,'2A',20,2),(6,'4A',25,4),(7,'1B',26,1),(8,'1C',27,1),(9,'2B',22,2),(10,'2C',23,2),(11,'3B',29,3),(12,'3C',21,3),(13,'4B',22,4),(14,'4C',20,4);
/*!40000 ALTER TABLE `sinif` ENABLE KEYS */;
UNLOCK TABLES;
/*!40103 SET TIME_ZONE=@OLD_TIME_ZONE */;

/*!40101 SET SQL_MODE=@OLD_SQL_MODE */;
/*!40014 SET FOREIGN_KEY_CHECKS=@OLD_FOREIGN_KEY_CHECKS */;
/*!40014 SET UNIQUE_CHECKS=@OLD_UNIQUE_CHECKS */;
/*!40101 SET CHARACTER_SET_CLIENT=@OLD_CHARACTER_SET_CLIENT */;
/*!40101 SET CHARACTER_SET_RESULTS=@OLD_CHARACTER_SET_RESULTS */;
/*!40101 SET COLLATION_CONNECTION=@OLD_COLLATION_CONNECTION */;
/*!40111 SET SQL_NOTES=@OLD_SQL_NOTES */;

-- Dump completed on 2025-01-07  0:54:31
